{"files": {"Cheats/TGFX16-CD/3 in 1 DUO Demo CD (SCD)(USA).zip": {"hash": "7f10a88507dbda397d95e8a767fad7d4", "size": 1383, "tags": [15, 28, 200], "zip_id": "cheats_folder_tgfx16-cd"}, "Cheats/TGFX16-CD/4 in 1 Super CD (SCD)(USA).zip": {"hash": "22cc82d329799245eaf3d9438cf4ee70", "size": 1797, "tags": [15, 28, 200], "zip_id": "cheats_folder_tgfx16-cd"}, "Cheats/TGFX16-CD/Advanced Variable Geo (SCD)(Jpn).zip": {"hash": "c368875cf2c196b9c8edb9432a7daa67", "size": 698, "tags": [15, 28, 200], "zip_id": "cheats_folder_tgfx16-cd"}, "Cheats/TGFX16-CD/Ai Chou Aniki (SCD)(Jpn).zip": {"hash": "eb5cdd2e2b697ba8f4cddb9bf07d8579", "size": 1086, "tags": [15, 28, 200], "zip_id": "cheats_folder_tgfx16-cd"}, "Cheats/TGFX16-CD/Akumajou Dracula X - Chi no Rondo (SCD)(Jpn).zip": {"hash": "dc6e7c543929ea55fb4fad07184450de", "size": 4831, "tags": [15, 28, 200], "zip_id": "cheats_folder_tgfx16-cd"}, "Cheats/TGFX16-CD/Ane-San (SCD)(Jpn).zip": {"hash": "3e6520a874df2d5efb160c899b9dfca9", "size": 565, "tags": [15, 28, 200], "zip_id": "cheats_folder_tgfx16-cd"}, "Cheats/TGFX16-CD/Asuka 120% Maxima Burning Fest (SCD)(Jpn).zip": {"hash": "2428ba1023535e9593387856e12c2588", "size": 558, "tags": [15, 28, 200], "zip_id": "cheats_folder_tgfx16-cd"}, "Cheats/TGFX16-CD/Avenger (CD)(Jpn).zip": {"hash": "52b952c48bc0b744bf2774056a23089b", "size": 845, "tags": [15, 28, 200], "zip_id": "cheats_folder_tgfx16-cd"}, "Cheats/TGFX16-CD/Baby Jo (SCD)(Jpn).zip": {"hash": "919a4fbabe01ea4ba8443eee4fc0c8ea", "size": 841, "tags": [15, 28, 200], "zip_id": "cheats_folder_tgfx16-cd"}, "Cheats/TGFX16-CD/Bakushou Yoshimoto no Shinkigeki (SCD)(Jpn).zip": {"hash": "f48271a4d5f4395629ba1e9f99437996", "size": 513, "tags": [15, 28, 200], "zip_id": "cheats_folder_tgfx16-cd"}, "Cheats/TGFX16-CD/Black Hole Assault (SCD)(Jpn).zip": {"hash": "b1c4b91895e3ecb7796dc3936f8cf39b", "size": 878, "tags": [15, 28, 200], "zip_id": "cheats_folder_tgfx16-cd"}, "Cheats/TGFX16-CD/Blood Gear (SCD)(Jpn).zip": {"hash": "625be1205dec47a9fb1a8c04d9077b76", "size": 971, "tags": [15, 28, 200], "zip_id": "cheats_folder_tgfx16-cd"}, "Cheats/TGFX16-CD/Bomberman Panic Bomber (SCD)(Jpn).zip": {"hash": "224941826a276dc4af9297a017d80257", "size": 415, "tags": [15, 28, 200], "zip_id": "cheats_folder_tgfx16-cd"}, "Cheats/TGFX16-CD/Bonk III - Bonk's Big Adventure (SCD)(USA).zip": {"hash": "28ada7134f2734343cd9c1c9404b0b39", "size": 1039, "tags": [15, 28, 200], "zip_id": "cheats_folder_tgfx16-cd"}, "Cheats/TGFX16-CD/Brandish (ACD, SCD)(Jpn).zip": {"hash": "1d5fe6835687b0b91616c7b7f127c9a9", "size": 1798, "tags": [15, 28, 200], "zip_id": "cheats_folder_tgfx16-cd"}, "Cheats/TGFX16-CD/Browning (SCD)(Jpn).zip": {"hash": "598df3fb84d382a9545b3f35b365945d", "size": 235, "tags": [15, 28, 200], "zip_id": "cheats_folder_tgfx16-cd"}, "Cheats/TGFX16-CD/Burai - Hachigyoku no Yuushi Densetsu (CD)(Jpn).zip": {"hash": "7f658cf874841547d5490ecda46be193", "size": 563, "tags": [15, 28, 200], "zip_id": "cheats_folder_tgfx16-cd"}, "Cheats/TGFX16-CD/Buster Bros. (CD)(USA).zip": {"hash": "80034dbda6a222702c6d029797a461bc", "size": 1297, "tags": [15, 28, 200], "zip_id": "cheats_folder_tgfx16-cd"}, "Cheats/TGFX16-CD/CD Denjin Rockabilly Tengoku (SCD)(Jpn).zip": {"hash": "0f7ee4a1fc3af7de50c208e39e0456f8", "size": 1298, "tags": [15, 28, 200], "zip_id": "cheats_folder_tgfx16-cd"}, "Cheats/TGFX16-CD/Camp California (SCD)(USA).zip": {"hash": "a2f5969ff4ed1505e08262799bc3b6c0", "size": 385, "tags": [15, 28, 200], "zip_id": "cheats_folder_tgfx16-cd"}, "Cheats/TGFX16-CD/Championship Rally (SCD)(Jpn).zip": {"hash": "2840e9043cdde152df180bfa04462c4c", "size": 240, "tags": [15, 28, 200], "zip_id": "cheats_folder_tgfx16-cd"}, "Cheats/TGFX16-CD/Chiki Chiki Boys (SCD)(Jpn).zip": {"hash": "ec96b93f88f3506ad81333c18d419b38", "size": 956, "tags": [15, 28, 200], "zip_id": "cheats_folder_tgfx16-cd"}, "Cheats/TGFX16-CD/Chou Aniki (SCD)(Jpn).zip": {"hash": "05aa25231bd39e3fe1c6e257cf55a0af", "size": 734, "tags": [15, 28, 200], "zip_id": "cheats_folder_tgfx16-cd"}, "Cheats/TGFX16-CD/Choujikuu Yousai Macross 2036 (CD, SCD)(Jpn).zip": {"hash": "121a38a8185c87b0e2181802a5289bc8", "size": 231, "tags": [15, 28, 200], "zip_id": "cheats_folder_tgfx16-cd"}, "Cheats/TGFX16-CD/Cosmic Fantasy - Bouken Shounen Yuu (CD)(Jpn).zip": {"hash": "46e8d80bc3baf3937db3178d37bd3ba9", "size": 795, "tags": [15, 28, 200], "zip_id": "cheats_folder_tgfx16-cd"}, "Cheats/TGFX16-CD/Cosmic Fantasy II (CD)(USA).zip": {"hash": "37f00e4d5d01a0912d126388606170a7", "size": 1985, "tags": [15, 28, 200], "zip_id": "cheats_folder_tgfx16-cd"}, "Cheats/TGFX16-CD/Cosmic Fantasy III - Bouken Shounen Rei (SCD)(Jpn).zip": {"hash": "d6c05971b34b5d82a4322ff7aae62688", "size": 542, "tags": [15, 28, 200], "zip_id": "cheats_folder_tgfx16-cd"}, "Cheats/TGFX16-CD/Cotton - Fantastic Night Dreams (SCD)(USA).zip": {"hash": "28c9a5842d6dae8c434e97cdd4d25ab7", "size": 893, "tags": [15, 28, 200], "zip_id": "cheats_folder_tgfx16-cd"}, "Cheats/TGFX16-CD/Daisenpuu Custom (CD)(Jpn).zip": {"hash": "7e5b076e04761c20a235a3c21de0340f", "size": 1123, "tags": [15, 28, 200], "zip_id": "cheats_folder_tgfx16-cd"}, "Cheats/TGFX16-CD/Deden no Den (SCD)(Jpn).zip": {"hash": "f4138c0bdd2f592ec25e754f60f2b210", "size": 675, "tags": [15, 28, 200], "zip_id": "cheats_folder_tgfx16-cd"}, "Cheats/TGFX16-CD/Doraemon Nobita no Dorabian Night (SCD)(Jpn).zip": {"hash": "02063aa58ce1a3ea881abc9ad8830d8a", "size": 713, "tags": [15, 28, 200], "zip_id": "cheats_folder_tgfx16-cd"}, "Cheats/TGFX16-CD/Double Dragon II - The Revenge (SCD)(Jpn).zip": {"hash": "4ae12ee0549384f4b81829477f5fb08c", "size": 1095, "tags": [15, 28, 200], "zip_id": "cheats_folder_tgfx16-cd"}, "Cheats/TGFX16-CD/Download II (CD)(Jpn).zip": {"hash": "4ba5ff1fec9c4c4c41843fcff7e55c43", "size": 1238, "tags": [15, 28, 200], "zip_id": "cheats_folder_tgfx16-cd"}, "Cheats/TGFX16-CD/Downtown Nekketsu Monogatari (SCD)(Jpn).zip": {"hash": "bcdc7259a2a9ee6d6ef7f34547d89d70", "size": 719, "tags": [15, 28, 200], "zip_id": "cheats_folder_tgfx16-cd"}, "Cheats/TGFX16-CD/Dragon Half (SCD)(Jpn).zip": {"hash": "879c58ed6794061e8c4486d924d0fd2a", "size": 243, "tags": [15, 28, 200], "zip_id": "cheats_folder_tgfx16-cd"}, "Cheats/TGFX16-CD/Dragon Knight & Grafitti (SCD)(Jpn).zip": {"hash": "20956c8b9cc4bc37c4ee6149ef557bbc", "size": 1225, "tags": [15, 28, 200], "zip_id": "cheats_folder_tgfx16-cd"}, "Cheats/TGFX16-CD/Dragon Slayer - Eiyuu Densetsu II (SCD)(Jpn).zip": {"hash": "4798c26b649510c1380ae2cbfff30c50", "size": 540, "tags": [15, 28, 200], "zip_id": "cheats_folder_tgfx16-cd"}, "Cheats/TGFX16-CD/Dragon Slayer - The Legend of Heroes (SCD)(USA).zip": {"hash": "82ea0efeb2d27b1539df55a7c8a68ab4", "size": 516, "tags": [15, 28, 200], "zip_id": "cheats_folder_tgfx16-cd"}, "Cheats/TGFX16-CD/Dungeon Explorer II (SCD)(Jpn).zip": {"hash": "034cc8e0b45b7120358142aab1072ccb", "size": 5633, "tags": [15, 28, 200], "zip_id": "cheats_folder_tgfx16-cd"}, "Cheats/TGFX16-CD/Dungeon Explorer II (SCD)(USA).zip": {"hash": "8983ec526525c48b55063dfbc427d666", "size": 5781, "tags": [15, 28, 200], "zip_id": "cheats_folder_tgfx16-cd"}, "Cheats/TGFX16-CD/Efera & Jiliora - The Emblem from Darkness (CD)(Jpn).zip": {"hash": "f8df170278d5f2a2260b8c5c10295b5a", "size": 999, "tags": [15, 28, 200], "zip_id": "cheats_folder_tgfx16-cd"}, "Cheats/TGFX16-CD/Exile (CD)(USA).zip": {"hash": "60a88180c8c1d5db689ff8c76231d908", "size": 943, "tags": [15, 28, 200], "zip_id": "cheats_folder_tgfx16-cd"}, "Cheats/TGFX16-CD/Exile II - Janen no Jishou (SCD)(Jpn).zip": {"hash": "bfe36190d1925de37e45ae114240e235", "size": 237, "tags": [15, 28, 200], "zip_id": "cheats_folder_tgfx16-cd"}, "Cheats/TGFX16-CD/Exile II - Wicked Phenomenon (SCD)(USA).zip": {"hash": "5f5bc0b52847dd4cec60390b894ddaf8", "size": 369, "tags": [15, 28, 200], "zip_id": "cheats_folder_tgfx16-cd"}, "Cheats/TGFX16-CD/Fantasy Star Soldier [Prototype] (SCD)(USA).zip": {"hash": "2c76c1a6c30f2fc2034934c854a90f77", "size": 1026, "tags": [15, 28, 200], "zip_id": "cheats_folder_tgfx16-cd"}, "Cheats/TGFX16-CD/Farjius no Jakoutei - Neo Metal Fantasy (SCD)(Jpn).zip": {"hash": "1ec34e2671b332f7e8ecc8e2e9d33d1d", "size": 864, "tags": [15, 28, 200], "zip_id": "cheats_folder_tgfx16-cd"}, "Cheats/TGFX16-CD/Faussete Amour (SCD)(Jpn).zip": {"hash": "4338cabdb2ef991ca333d8bf814224ef", "size": 1660, "tags": [15, 28, 200], "zip_id": "cheats_folder_tgfx16-cd"}, "Cheats/TGFX16-CD/Fiend Hunter (SCD)(Jpn).zip": {"hash": "a59be684d553237012676484a8955cb9", "size": 1417, "tags": [15, 28, 200], "zip_id": "cheats_folder_tgfx16-cd"}, "Cheats/TGFX16-CD/Fighting Street (CD)(Jpn).zip": {"hash": "ec04c2303302bbd371dd604d3d231fd4", "size": 705, "tags": [15, 28, 200], "zip_id": "cheats_folder_tgfx16-cd"}, "Cheats/TGFX16-CD/Fighting Street (CD)(USA).zip": {"hash": "09a04da5e2d5c0b1c885406a84a0cc5e", "size": 1018, "tags": [15, 28, 200], "zip_id": "cheats_folder_tgfx16-cd"}, "Cheats/TGFX16-CD/Final Zone II (CD)(Jpn).zip": {"hash": "44e3b0e23ed3c952c9ca3ae13dee6d0e", "size": 535, "tags": [15, 28, 200], "zip_id": "cheats_folder_tgfx16-cd"}, "Cheats/TGFX16-CD/Final Zone II (CD)(USA).zip": {"hash": "1b753dac3fd1d6e5f25659582cf363e7", "size": 523, "tags": [15, 28, 200], "zip_id": "cheats_folder_tgfx16-cd"}, "Cheats/TGFX16-CD/Flash Hiders (SCD)(Jpn).zip": {"hash": "5635b2a65a6fafe7bb43942269972b52", "size": 1231, "tags": [15, 28, 200], "zip_id": "cheats_folder_tgfx16-cd"}, "Cheats/TGFX16-CD/Flash Hiders Taikenban (SCD)(Jpn).zip": {"hash": "b2d9c515204dcbd911bf2b5cc8c979e4", "size": 1570, "tags": [15, 28, 200], "zip_id": "cheats_folder_tgfx16-cd"}, "Cheats/TGFX16-CD/Forgotten Worlds (SCD)(Jpn).zip": {"hash": "d8105743f81a9de0f56e82895d91aef9", "size": 679, "tags": [15, 28, 200], "zip_id": "cheats_folder_tgfx16-cd"}, "Cheats/TGFX16-CD/Forgotten Worlds (SCD)(USA).zip": {"hash": "2e863a74c7520d508467133b79f29633", "size": 965, "tags": [15, 28, 200], "zip_id": "cheats_folder_tgfx16-cd"}, "Cheats/TGFX16-CD/Fray CD Xak Gaiden (SCD)(Jpn).zip": {"hash": "f63fa5e4d952ed3fc7e6a90ab85d5bcb", "size": 1411, "tags": [15, 28, 200], "zip_id": "cheats_folder_tgfx16-cd"}, "Cheats/TGFX16-CD/Gain Ground SX (SCD)(Jpn).zip": {"hash": "46c8eaf58b51c3a2cb8b8309d36491c7", "size": 549, "tags": [15, 28, 200], "zip_id": "cheats_folder_tgfx16-cd"}, "Cheats/TGFX16-CD/Galaxy Deka Gayvan (SCD)(Jpn).zip": {"hash": "afd8fdb4336d2ffe29ddb5ba39bdf138", "size": 719, "tags": [15, 28, 200], "zip_id": "cheats_folder_tgfx16-cd"}, "Cheats/TGFX16-CD/Garou Densetsu II - Aratanaru Tatakai - Sample Disc (ACD)(Jpn).zip": {"hash": "bdc988f1dd042247121dca7defeda46f", "size": 607, "tags": [15, 28, 200], "zip_id": "cheats_folder_tgfx16-cd"}, "Cheats/TGFX16-CD/Garou Densetsu II - Aratanaru Tatakai [Imperfect] (ACD)(Jpn).zip": {"hash": "2253fb0d4fd6abff26d0569c0017efdb", "size": 688, "tags": [15, 28, 200], "zip_id": "cheats_folder_tgfx16-cd"}, "Cheats/TGFX16-CD/Garou Densetsu Special (ACD)(Jpn).zip": {"hash": "1925bab60103564e6db191f7649543c1", "size": 1332, "tags": [15, 28, 200], "zip_id": "cheats_folder_tgfx16-cd"}, "Cheats/TGFX16-CD/Garou Densetsu Special - Simple Disc (ACD)(JPN).zip": {"hash": "189a9f55f08a5ded0cbf5a00c9570fd6", "size": 479, "tags": [15, 28, 200], "zip_id": "cheats_folder_tgfx16-cd"}, "Cheats/TGFX16-CD/Gate of Thunder (SCD)(Jpn).zip": {"hash": "65d1f481ba8e2f19e359f1a316dd8bc4", "size": 1680, "tags": [15, 28, 200], "zip_id": "cheats_folder_tgfx16-cd"}, "Cheats/TGFX16-CD/Genocide (SCD)(Jpn).zip": {"hash": "55e510624a9a00e596a76836ff119695", "size": 245, "tags": [15, 28, 200], "zip_id": "cheats_folder_tgfx16-cd"}, "Cheats/TGFX16-CD/Gensou Tairiku Auleria (CD)(Jpn).zip": {"hash": "95e4568e45c5314d46506c6868d34614", "size": 1301, "tags": [15, 28, 200], "zip_id": "cheats_folder_tgfx16-cd"}, "Cheats/TGFX16-CD/Ginga Fukei Densetsu Sapphire (ACD)(Jpn).zip": {"hash": "1ad3aaeea9068fcec88d600f24f80a44", "size": 1553, "tags": [15, 28, 200], "zip_id": "cheats_folder_tgfx16-cd"}, "Cheats/TGFX16-CD/God Panic - Shijou Saikyou Gundan (SCD)(Jpn).zip": {"hash": "7e678dcc1bcf1195864706cf214feb0c", "size": 655, "tags": [15, 28, 200], "zip_id": "cheats_folder_tgfx16-cd"}, "Cheats/TGFX16-CD/Godzilla (SCD)(USA).zip": {"hash": "36dfcded2914c51a6b6d188f728e1673", "size": 372, "tags": [15, 28, 200], "zip_id": "cheats_folder_tgfx16-cd"}, "Cheats/TGFX16-CD/Godzilla - Bakutou Retsuden (SCD)(Jpn).zip": {"hash": "c2e34089e1dc879ee8fbf61b524e4516", "size": 386, "tags": [15, 28, 200], "zip_id": "cheats_folder_tgfx16-cd"}, "Cheats/TGFX16-CD/Golden Axe (CD)(Jpn).zip": {"hash": "1f62982d88e566efc5e43d455126b827", "size": 658, "tags": [15, 28, 200], "zip_id": "cheats_folder_tgfx16-cd"}, "Cheats/TGFX16-CD/Gotzendiener (SCD)(Jpn).zip": {"hash": "b45647c26dd247cc579db95de96ef13a", "size": 235, "tags": [15, 28, 200], "zip_id": "cheats_folder_tgfx16-cd"}, "Cheats/TGFX16-CD/Gradius II - Gofer no Yabou (SCD)(Jpn).zip": {"hash": "52b0095cdfd16313588af64d4b50c10d", "size": 1155, "tags": [15, 28, 200], "zip_id": "cheats_folder_tgfx16-cd"}, "Cheats/TGFX16-CD/Hawk F-123 (SCD)(Jpn).zip": {"hash": "8463f596f44849e3b977a7901baaeba5", "size": 1161, "tags": [15, 28, 200], "zip_id": "cheats_folder_tgfx16-cd"}, "Cheats/TGFX16-CD/Hellfire S - The Another Story (CD)(Jpn).zip": {"hash": "f85dbfc1d6f3e19d8079aa5c34a78e74", "size": 369, "tags": [15, 28, 200], "zip_id": "cheats_folder_tgfx16-cd"}, "Cheats/TGFX16-CD/Hyper Dyne SideArms Special (CD)(Jpn).zip": {"hash": "67e79c179c51bd8efbb60acaf7a25dc9", "size": 809, "tags": [15, 28, 200], "zip_id": "cheats_folder_tgfx16-cd"}, "Cheats/TGFX16-CD/Image Fight II (SCD)(Jpn).zip": {"hash": "3a8c7368ab44f0fb254c0830a85caf67", "size": 1215, "tags": [15, 28, 200], "zip_id": "cheats_folder_tgfx16-cd"}, "Cheats/TGFX16-CD/Jack Nicklaus Turbo Golf (CD)(USA).zip": {"hash": "fdd1241c05b070adae535508671fde55", "size": 249, "tags": [15, 28, 200], "zip_id": "cheats_folder_tgfx16-cd"}, "Cheats/TGFX16-CD/Jim Power - In Mutant Planet (SCD)(Jpn).zip": {"hash": "5983798a140a44cce261d9ed973be53f", "size": 779, "tags": [15, 28, 200], "zip_id": "cheats_folder_tgfx16-cd"}, "Cheats/TGFX16-CD/Kaizou Choujin Shubibinman III - Ikai no Princess (CD)(Jpn).zip": {"hash": "e962cba51f8d466885b6c34ca43bc98a", "size": 733, "tags": [15, 28, 200], "zip_id": "cheats_folder_tgfx16-cd"}, "Cheats/TGFX16-CD/Kakutou Haou Densetsu Algunos (SCD)(Jpn).zip": {"hash": "e7df192dab56b5d37b524bf34be9b4f8", "size": 543, "tags": [15, 28, 200], "zip_id": "cheats_folder_tgfx16-cd"}, "Cheats/TGFX16-CD/Kaze Kiri - Ninja Action (SCD)(Jpn).zip": {"hash": "7cd2f4a23f2671e9e129774227e4df22", "size": 1683, "tags": [15, 28, 200], "zip_id": "cheats_folder_tgfx16-cd"}, "Cheats/TGFX16-CD/Kaze no Densetsu Xanadu (SCD)(Jpn).zip": {"hash": "5ae339107707c9330b6571b880d26a1c", "size": 975, "tags": [15, 28, 200], "zip_id": "cheats_folder_tgfx16-cd"}, "Cheats/TGFX16-CD/Kaze no Densetsu Xanadu II (SCD)(Jpn).zip": {"hash": "03cc0f74f0d105e691bd10ef82d132aa", "size": 950, "tags": [15, 28, 200], "zip_id": "cheats_folder_tgfx16-cd"}, "Cheats/TGFX16-CD/Kiaidan 00 (SCD)(Jpn).zip": {"hash": "885049671853cb766ca97e0f5e9a8e99", "size": 235, "tags": [15, 28, 200], "zip_id": "cheats_folder_tgfx16-cd"}, "Cheats/TGFX16-CD/L-Dis (CD)(Jpn).zip": {"hash": "ebef34966561ede7ed6ce2bbcf5ebf35", "size": 389, "tags": [15, 28, 200], "zip_id": "cheats_folder_tgfx16-cd"}, "Cheats/TGFX16-CD/Last Alert (CD)(USA).zip": {"hash": "0024a1c41f37edfafae517ff681c298e", "size": 1417, "tags": [15, 28, 200], "zip_id": "cheats_folder_tgfx16-cd"}, "Cheats/TGFX16-CD/Legion (CD)(Jpn).zip": {"hash": "d601a95cff2968e255151339ef6483f1", "size": 373, "tags": [15, 28, 200], "zip_id": "cheats_folder_tgfx16-cd"}, "Cheats/TGFX16-CD/Lords of Thunder (SCD)(USA).zip": {"hash": "38ea156b1d30a3bb01de52393e0d4787", "size": 1801, "tags": [15, 28, 200], "zip_id": "cheats_folder_tgfx16-cd"}, "Cheats/TGFX16-CD/Mad Stalker - Full Metal Force (ACD)(Jpn).zip": {"hash": "3720a90013342aa235aa1b0087b46456", "size": 405, "tags": [15, 28, 200], "zip_id": "cheats_folder_tgfx16-cd"}, "Cheats/TGFX16-CD/Magical Fantasy Adventure - Popful Mail (ACD, SCD)(Jpn).zip": {"hash": "da9b646faebbb2ccb765b8205d74e54f", "size": 2402, "tags": [15, 28, 200], "zip_id": "cheats_folder_tgfx16-cd"}, "Cheats/TGFX16-CD/Martial Champion (SCD)(Jpn).zip": {"hash": "d3b1d11f025da54dc9b5f1e0aee825b3", "size": 705, "tags": [15, 28, 200], "zip_id": "cheats_folder_tgfx16-cd"}, "Cheats/TGFX16-CD/Meteor Blaster DX (SCD)(USA)[bad toc].zip": {"hash": "3027112a1f35662e06337d9d9ca19e21", "size": 814, "tags": [15, 28, 200], "zip_id": "cheats_folder_tgfx16-cd"}, "Cheats/TGFX16-CD/Monster Lair (CD)(USA).zip": {"hash": "6ec8071729c04afdde69f8022b5cfb4a", "size": 993, "tags": [15, 28, 200], "zip_id": "cheats_folder_tgfx16-cd"}, "Cheats/TGFX16-CD/Monster Lair - Wonderboy III (CD)(Jpn).zip": {"hash": "f44eab67cbae0f1f3650b1bb9eda179d", "size": 525, "tags": [15, 28, 200], "zip_id": "cheats_folder_tgfx16-cd"}, "Cheats/TGFX16-CD/Mugen Senshi Valis - Legend of a Fantasm Soldier (SCD)(Jpn).zip": {"hash": "84d0e1eb8a9908fd084ad50319cd93db", "size": 1651, "tags": [15, 28, 200], "zip_id": "cheats_folder_tgfx16-cd"}, "Cheats/TGFX16-CD/Mystic Formula (SCD)(Jpn).zip": {"hash": "a1c6f359d2dae312c60ac6b9823877bd", "size": 711, "tags": [15, 28, 200], "zip_id": "cheats_folder_tgfx16-cd"}, "Cheats/TGFX16-CD/Nekketsu Koushinkyoku - Soreyuke Daiundoukai (SCD)(Jpn).zip": {"hash": "edd061e7e34bed87c57c51c2d5bb12fb", "size": 415, "tags": [15, 28, 200], "zip_id": "cheats_folder_tgfx16-cd"}, "Cheats/TGFX16-CD/Neo Nectaris (SCD)(Jpn).zip": {"hash": "66ae4732efceb8ae1124038881ec6dc6", "size": 246, "tags": [15, 28, 200], "zip_id": "cheats_folder_tgfx16-cd"}, "Cheats/TGFX16-CD/Nexzr (SCD)(Jpn).zip": {"hash": "a01c3bd36203dcadf130dd80777646eb", "size": 231, "tags": [15, 28, 200], "zip_id": "cheats_folder_tgfx16-cd"}, "Cheats/TGFX16-CD/Pachio-kun - Warau Uchuu (SCD)(Jpn).zip": {"hash": "4dc105e391e4960fa64006bfdc77130d", "size": 289, "tags": [15, 28, 200], "zip_id": "cheats_folder_tgfx16-cd"}, "Cheats/TGFX16-CD/Prince of Persia (SCD)(USA).zip": {"hash": "2043902ef4de2b5929adec2d8991aee0", "size": 259, "tags": [15, 28, 200], "zip_id": "cheats_folder_tgfx16-cd"}, "Cheats/TGFX16-CD/Princess Minerva (SCD)(Jpn).zip": {"hash": "b83a56427ad1de1e0a513a7396907436", "size": 587, "tags": [15, 28, 200], "zip_id": "cheats_folder_tgfx16-cd"}, "Cheats/TGFX16-CD/Psychic Storm (SCD)(Jpn).zip": {"hash": "215686e34bdcb93d89ee522e4cfa7667", "size": 735, "tags": [15, 28, 200], "zip_id": "cheats_folder_tgfx16-cd"}, "Cheats/TGFX16-CD/R-Type Complete CD (SCD)(Jpn).zip": {"hash": "21edcdc2dc66eadab4709237d959991b", "size": 381, "tags": [15, 28, 200], "zip_id": "cheats_folder_tgfx16-cd"}, "Cheats/TGFX16-CD/Rainbow Islands (CD)(Jpn).zip": {"hash": "076add1687eb71933f8aa5dcc405bc22", "size": 975, "tags": [15, 28, 200], "zip_id": "cheats_folder_tgfx16-cd"}, "Cheats/TGFX16-CD/Ranma _  (CD)(Jpn).zip": {"hash": "0d6edb70a6bc7455d8a80b548fb80a45", "size": 235, "tags": [15, 28, 200], "zip_id": "cheats_folder_tgfx16-cd"}, "Cheats/TGFX16-CD/Rayxanber II (CD)(Jpn).zip": {"hash": "c64664845fbb0233f8096af433d26b31", "size": 647, "tags": [15, 28, 200], "zip_id": "cheats_folder_tgfx16-cd"}, "Cheats/TGFX16-CD/Rayxanber III (SCD)(Jpn).zip": {"hash": "cfdf2ec0ae27fdb278a92d1428a6d3ef", "size": 259, "tags": [15, 28, 200], "zip_id": "cheats_folder_tgfx16-cd"}, "Cheats/TGFX16-CD/Red Alert (CD)(Jpn).zip": {"hash": "57a8dfd0c0ae1f65996a9feae1adcbd2", "size": 1549, "tags": [15, 28, 200], "zip_id": "cheats_folder_tgfx16-cd"}, "Cheats/TGFX16-CD/Riot Zone (SCD)(USA).zip": {"hash": "f47ebd76ca4951caf71e04771db36152", "size": 509, "tags": [15, 28, 200], "zip_id": "cheats_folder_tgfx16-cd"}, "Cheats/TGFX16-CD/Seirei Senshi Spriggan (CD)(Jpn).zip": {"hash": "a7c03a0c342b24c057fbef0d5727a279", "size": 369, "tags": [15, 28, 200], "zip_id": "cheats_folder_tgfx16-cd"}, "Cheats/TGFX16-CD/Shadow of the Beast (SCD)(USA).zip": {"hash": "e2ffea3dbfa6f0a496b6aa5b9bfaafde", "size": 375, "tags": [15, 28, 200], "zip_id": "cheats_folder_tgfx16-cd"}, "Cheats/TGFX16-CD/Shape Shifter (SCD)(USA).zip": {"hash": "a3c87a2011a9d723b3670b642c2eefdb", "size": 1260, "tags": [15, 28, 200], "zip_id": "cheats_folder_tgfx16-cd"}, "Cheats/TGFX16-CD/Shin Megami Tensei (SCD)(Jpn).zip": {"hash": "3420e88876b87409d27e0a792cb0c0cf", "size": 269, "tags": [15, 28, 200], "zip_id": "cheats_folder_tgfx16-cd"}, "Cheats/TGFX16-CD/Snatcher (SCD)(Jpn).zip": {"hash": "406ab3fe67045a5b697054199ea4474a", "size": 243, "tags": [15, 28, 200], "zip_id": "cheats_folder_tgfx16-cd"}, "Cheats/TGFX16-CD/Sorcerian (SCD)(Jpn).zip": {"hash": "14a768b5d350f1efb1cbb4f48ddd4b64", "size": 732, "tags": [15, 28, 200], "zip_id": "cheats_folder_tgfx16-cd"}, "Cheats/TGFX16-CD/Space Fantasy Zone [Prototype][Backup] (CD, SCD)(Jpn).zip": {"hash": "51aea70f174bffcd19759cc04c40adb6", "size": 502, "tags": [15, 28, 200], "zip_id": "cheats_folder_tgfx16-cd"}, "Cheats/TGFX16-CD/Splash Lake (CD)(USA).zip": {"hash": "a9fa1df64a8a5fd3de8ad510b9ca538b", "size": 692, "tags": [15, 28, 200], "zip_id": "cheats_folder_tgfx16-cd"}, "Cheats/TGFX16-CD/Spriggan Mark II - Re Terraform Project [Imperfect] (SCD)(Jpn).zip": {"hash": "79dbc6c22042aac4dd9c277e0cd0ce1f", "size": 235, "tags": [15, 28, 200], "zip_id": "cheats_folder_tgfx16-cd"}, "Cheats/TGFX16-CD/Star Parodia (SCD)(Jpn).zip": {"hash": "f6007dcfac8c5ab8da40cd1f2e125699", "size": 387, "tags": [15, 28, 200], "zip_id": "cheats_folder_tgfx16-cd"}, "Cheats/TGFX16-CD/Startling Odyssey II - Makyou Sensou (SCD)(Jpn).zip": {"hash": "596fb23664487ccfb1bcd2b57a3ed18e", "size": 1135, "tags": [15, 28, 200], "zip_id": "cheats_folder_tgfx16-cd"}, "Cheats/TGFX16-CD/Strider Hiryuu (ACD)(Jpn).zip": {"hash": "b2e2e91c9d9ac8a6fc1d5e2b5af574e7", "size": 1102, "tags": [15, 28, 200], "zip_id": "cheats_folder_tgfx16-cd"}, "Cheats/TGFX16-CD/Summer Carnival '92 - Alzadick (CD)(Jpn).zip": {"hash": "3f06df3f8b39d4d24b5ab62acecb85e6", "size": 231, "tags": [15, 28, 200], "zip_id": "cheats_folder_tgfx16-cd"}, "Cheats/TGFX16-CD/Summer Carnival '93 - Nexzr Special (SCD)(Jpn).zip": {"hash": "62a6ab596241daaee4656dcb9334818b", "size": 231, "tags": [15, 28, 200], "zip_id": "cheats_folder_tgfx16-cd"}, "Cheats/TGFX16-CD/Super Darius (CD)(Jpn).zip": {"hash": "1d7dde4c776fbb834b0d74bdf133e3cf", "size": 759, "tags": [15, 28, 200], "zip_id": "cheats_folder_tgfx16-cd"}, "Cheats/TGFX16-CD/Super Darius II (SCD)(Jpn).zip": {"hash": "cde7f87c32d9e588f71ab1546a4288a4", "size": 369, "tags": [15, 28, 200], "zip_id": "cheats_folder_tgfx16-cd"}, "Cheats/TGFX16-CD/Super Raiden (SCD)(Jpn).zip": {"hash": "5f6e984e1a69abd5fac77aa7c0b3736b", "size": 371, "tags": [15, 28, 200], "zip_id": "cheats_folder_tgfx16-cd"}, "Cheats/TGFX16-CD/Syd Mead's Terra Forming (CD, SCD)(USA).zip": {"hash": "b1d5eab1cc21aca62116877392929c04", "size": 395, "tags": [15, 28, 200], "zip_id": "cheats_folder_tgfx16-cd"}, "Cheats/TGFX16-CD/Sylphia (SCD)(Jpn).zip": {"hash": "c70afdbbd3ed3b82384c2dfa4ff5bb25", "size": 235, "tags": [15, 28, 200], "zip_id": "cheats_folder_tgfx16-cd"}, "Cheats/TGFX16-CD/Tecmo World Cup Super Soccer (SCD)(Jpn).zip": {"hash": "85ce3907ee781be5e0a793af275a5367", "size": 529, "tags": [15, 28, 200], "zip_id": "cheats_folder_tgfx16-cd"}, "Cheats/TGFX16-CD/Tenchi wo Kurau (SCD)(Jpn).zip": {"hash": "f59397442478fdd86c27cbea42c3fc48", "size": 474, "tags": [15, 28, 200], "zip_id": "cheats_folder_tgfx16-cd"}, "Cheats/TGFX16-CD/Tengai Makyou - Kabuki Ittou Ryoudan (ACD)(Jpn).zip": {"hash": "0c6c4b93b44e21e314d5d16b104b29f9", "size": 620, "tags": [15, 28, 200], "zip_id": "cheats_folder_tgfx16-cd"}, "Cheats/TGFX16-CD/The Addams Family (CD)(USA).zip": {"hash": "d79dd8b3fd3873d5cf632e5b82221f6b", "size": 1215, "tags": [15, 28, 200], "zip_id": "cheats_folder_tgfx16-cd"}, "Cheats/TGFX16-CD/The Dynastic Hero (SCD)(USA).zip": {"hash": "6a28c7f4d555c2f1bb984eb0c7819116", "size": 574, "tags": [15, 28, 200], "zip_id": "cheats_folder_tgfx16-cd"}, "Cheats/TGFX16-CD/Travel Epuru (SCD)(Jpn).zip": {"hash": "317eaa7166261942c0e17775a659bf37", "size": 258, "tags": [15, 28, 200], "zip_id": "cheats_folder_tgfx16-cd"}, "Cheats/TGFX16-CD/Valis II (CD)(USA).zip": {"hash": "4d27e438224748f3427251dac371dcd5", "size": 1448, "tags": [15, 28, 200], "zip_id": "cheats_folder_tgfx16-cd"}, "Cheats/TGFX16-CD/Valis III (CD)(USA).zip": {"hash": "8119a24865dc577542a683facc4f007e", "size": 1417, "tags": [15, 28, 200], "zip_id": "cheats_folder_tgfx16-cd"}, "Cheats/TGFX16-CD/Valis IV - The Fantasm Soldier (CD)(Jpn).zip": {"hash": "5ee9dc17e75632499f6734db763e9c60", "size": 1677, "tags": [15, 28, 200], "zip_id": "cheats_folder_tgfx16-cd"}, "Cheats/TGFX16-CD/Vasteel (CD)(USA).zip": {"hash": "f3d458b6fcbc9bd79ad47d233c395896", "size": 717, "tags": [15, 28, 200], "zip_id": "cheats_folder_tgfx16-cd"}, "Cheats/TGFX16-CD/Winds of Thunder (SCD)(Jpn).zip": {"hash": "553949f4e644b974211ad3b21611b2ec", "size": 1035, "tags": [15, 28, 200], "zip_id": "cheats_folder_tgfx16-cd"}, "Cheats/TGFX16-CD/Wizardry I II (SCD)(Jpn).zip": {"hash": "398df97a0a5b4132395dfe132a0772fb", "size": 3213, "tags": [15, 28, 200], "zip_id": "cheats_folder_tgfx16-cd"}, "Cheats/TGFX16-CD/Wizardry III IV (SCD)(Jpn).zip": {"hash": "c16a656d2fe04f8e4dacfa5a5e7df408", "size": 1161, "tags": [15, 28, 200], "zip_id": "cheats_folder_tgfx16-cd"}, "Cheats/TGFX16-CD/Wizardry V - Heart of the Maelstrom (SCD)(Jpn).zip": {"hash": "6fef426855088eecea5ec478cb201738", "size": 753, "tags": [15, 28, 200], "zip_id": "cheats_folder_tgfx16-cd"}, "Cheats/TGFX16-CD/World Heroes II (ACD)(Jpn).zip": {"hash": "db6abdd6ec194a8f7028f66a4709cec5", "size": 1066, "tags": [15, 28, 200], "zip_id": "cheats_folder_tgfx16-cd"}, "Cheats/TGFX16-CD/Wrestling Universe - Fire Pro Joshi - Dome Choujo Taisen - WOWOW vs. JWP (ACD)(Jpn).zip": {"hash": "ac7ca52d6f6406000b1ae45b0b735c1e", "size": 273, "tags": [15, 28, 200], "zip_id": "cheats_folder_tgfx16-cd"}, "Cheats/TGFX16-CD/Xak I II (SCD)(Jpn).zip": {"hash": "61705463393700b4fc4b1ea52a9a69ce", "size": 5310, "tags": [15, 28, 200], "zip_id": "cheats_folder_tgfx16-cd"}, "Cheats/TGFX16-CD/Xak III - The Eternal Recurrence (SCD)(Jpn).zip": {"hash": "be37c9760c217356d0c05dcde9ae0f27", "size": 961, "tags": [15, 28, 200], "zip_id": "cheats_folder_tgfx16-cd"}, "Cheats/TGFX16-CD/Ys Book I II (CD)(USA).zip": {"hash": "8bac44830ca6f65362c44232eed77600", "size": 2017, "tags": [15, 28, 200], "zip_id": "cheats_folder_tgfx16-cd"}, "Cheats/TGFX16-CD/Ys III - Wanderers from Ys (CD)(USA).zip": {"hash": "2721a5a557c64a9c98fde73f030efe64", "size": 2370, "tags": [15, 28, 200], "zip_id": "cheats_folder_tgfx16-cd"}, "Cheats/TGFX16-CD/Ys IV - The Dawn of Ys (SCD)(Jpn, HCD3051-4-1108-R1F).zip": {"hash": "47000dd6cc41b7314ba9bbf38423ef99", "size": 1754, "tags": [15, 28, 200], "zip_id": "cheats_folder_tgfx16-cd"}, "Cheats/TGFX16-CD/Yu Yu Hakusho (SCD)(Jpn).zip": {"hash": "660ef22583cc044e19cd51431f0af652", "size": 694, "tags": [15, 28, 200], "zip_id": "cheats_folder_tgfx16-cd"}, "Cheats/TGFX16-CD/Zero Wing (CD)(Jpn).zip": {"hash": "3cb2224d866b80325fd328770ebb7446", "size": 233, "tags": [15, 28, 200], "zip_id": "cheats_folder_tgfx16-cd"}}, "folders": {"Cheats": {"tags": [28, 200], "zip_id": "cheats_folder_tgfx16-cd"}, "Cheats/TGFX16-CD": {"tags": [15, 28, 200], "zip_id": "cheats_folder_tgfx16-cd"}}}