{"files": {"|games/ATARI7800/Palettes/Atari 2600 Only/Trebors_Calibrated_2600_NTSC.pal": {"hash": "d293e16bf7298c1cec29f9c141e1ab87", "size": 768, "tags": [28, 194, 311, 314], "zip_id": "atari7800_palettes"}, "|games/ATARI7800/Palettes/Atari 2600 Only/Trebors_Calibrated_2600_PAL.pal": {"hash": "fdc0ab947ddbad3e3732e34c780c19ca", "size": 768, "tags": [28, 194, 311, 314], "zip_id": "atari7800_palettes"}, "|games/ATARI7800/Palettes/Atari 2600 Only/Trebors_Gammasat1_2600_NTSC.pal": {"hash": "44536d2c7f50b10c795a8bfb7b4053b1", "size": 768, "tags": [28, 194, 311, 314], "zip_id": "atari7800_palettes"}, "|games/ATARI7800/Palettes/Atari 2600 Only/Trebors_Gammasat1_2600_PAL.pal": {"hash": "8d2c2579160fe811c82b1904e43fa98a", "size": 768, "tags": [28, 194, 311, 314], "zip_id": "atari7800_palettes"}, "|games/ATARI7800/Palettes/Atari 2600 Only/Trebors_Gammasat2_2600_NTSC.pal": {"hash": "2477497fc8409d44015a04b9673a00ca", "size": 768, "tags": [28, 194, 311, 314], "zip_id": "atari7800_palettes"}, "|games/ATARI7800/Palettes/Atari 2600 Only/Trebors_Gammasat2_2600_PAL.pal": {"hash": "c06cb07c992840f041437697964f3ea2", "size": 768, "tags": [28, 194, 311, 314], "zip_id": "atari7800_palettes"}, "|games/ATARI7800/Palettes/Atari 2600 Only/Trebors_Gammasat3_2600_NTSC.pal": {"hash": "21b947df8995cd003e153e0fd84ef1fc", "size": 768, "tags": [28, 194, 311, 314], "zip_id": "atari7800_palettes"}, "|games/ATARI7800/Palettes/Atari 2600 Only/Trebors_Gammasat3_2600_PAL.pal": {"hash": "833f69cce36f05ac1fd4e0961bfae174", "size": 768, "tags": [28, 194, 311, 314], "zip_id": "atari7800_palettes"}, "|games/ATARI7800/Palettes/Atari 2600 Only/Trebors_Lum1_2600_NTSC.pal": {"hash": "6ec130a4ec435d8b7a0a103b42aa636b", "size": 768, "tags": [28, 194, 311, 314], "zip_id": "atari7800_palettes"}, "|games/ATARI7800/Palettes/Atari 2600 Only/Trebors_Lum1_2600_PAL.pal": {"hash": "a451f6fd8a7b2e15e6c57e8a417722bf", "size": 768, "tags": [28, 194, 311, 314], "zip_id": "atari7800_palettes"}, "|games/ATARI7800/Palettes/Atari 2600 Only/Trebors_Lum2_2600_NTSC.pal": {"hash": "c7233f38b45100aed463f3771c42af49", "size": 768, "tags": [28, 194, 311, 314], "zip_id": "atari7800_palettes"}, "|games/ATARI7800/Palettes/Atari 2600 Only/Trebors_Lum2_2600_PAL.pal": {"hash": "80a6266fa3624eecf4bbdec12e932809", "size": 768, "tags": [28, 194, 311, 314], "zip_id": "atari7800_palettes"}, "|games/ATARI7800/Palettes/Atari 2600 Only/Trebors_Lum3_2600_NTSC.pal": {"hash": "61b4320971b20b19ad06ca67b18ca0f8", "size": 768, "tags": [28, 194, 311, 314], "zip_id": "atari7800_palettes"}, "|games/ATARI7800/Palettes/Atari 2600 Only/Trebors_Lum3_2600_PAL.pal": {"hash": "8e917ea21f21cde568e289aabb96a7fd", "size": 768, "tags": [28, 194, 311, 314], "zip_id": "atari7800_palettes"}, "|games/ATARI7800/Palettes/Atari 2600 Only/Trebors_Modified_2600_NTSC.pal": {"hash": "7fa81dbc6eb92e4b1b498b0e565ace10", "size": 768, "tags": [28, 194, 311, 314], "zip_id": "atari7800_palettes"}, "|games/ATARI7800/Palettes/Atari 2600 Only/Trebors_Modified_2600_PAL.pal": {"hash": "4de7f490179d6089b2eb04f883aae6d2", "size": 768, "tags": [28, 194, 311, 314], "zip_id": "atari7800_palettes"}, "|games/ATARI7800/Palettes/Atari 2600 Only/Trebors_Super_2600_NTSC.pal": {"hash": "45e9b9a7593c4b232d72dd3fa6fbe0e9", "size": 768, "tags": [28, 194, 311, 314], "zip_id": "atari7800_palettes"}, "|games/ATARI7800/Palettes/Atari 2600 Only/Trebors_Super_2600_PAL.pal": {"hash": "b2e4ba86fcbcaf147d6a1d91eae7b1db", "size": 768, "tags": [28, 194, 311, 314], "zip_id": "atari7800_palettes"}, "|games/ATARI7800/Palettes/Atari 2600 Only/Trebors_Uncalibrated_2600_NTSC.pal": {"hash": "c56f366f897223b1b27508ab531596c5", "size": 768, "tags": [28, 194, 311, 314], "zip_id": "atari7800_palettes"}, "|games/ATARI7800/Palettes/Atari 2600 Only/Trebors_Uncalibrated_2600_PAL.pal": {"hash": "e62a8f2403c042b452bf4e698cd971e7", "size": 768, "tags": [28, 194, 311, 314], "zip_id": "atari7800_palettes"}, "|games/ATARI7800/Palettes/Atari 2600 Only/old_core.pal": {"hash": "32dbd648cca35fbbc962a8c2732e6afe", "size": 768, "tags": [28, 194, 311, 314], "zip_id": "atari7800_palettes"}, "|games/ATARI7800/Palettes/Atari 2600 Only/secam.pal": {"hash": "49d5c310fdea8b19fc18d0feb9850e8b", "size": 768, "tags": [28, 194, 311, 314], "zip_id": "atari7800_palettes"}, "|games/ATARI7800/Palettes/Atari 2600 Only/stella.pal": {"hash": "e8e3bdaff7061cd9fbda8403a1d5fc34", "size": 768, "tags": [28, 194, 311, 314], "zip_id": "atari7800_palettes"}, "|games/ATARI7800/Palettes/Trebors/NTSC/CALIBRATED/NTSC_CALIBRATED_COOL.pal": {"hash": "e4c142ecc99316b710d05cf009c84d5f", "size": 768, "tags": [28, 194, 311, 314], "zip_id": "atari7800_palettes"}, "|games/ATARI7800/Palettes/Trebors/NTSC/CALIBRATED/NTSC_CALIBRATED_HOT.pal": {"hash": "e2ce90708cdc1816681cbd30b78448be", "size": 768, "tags": [28, 194, 311, 314], "zip_id": "atari7800_palettes"}, "|games/ATARI7800/Palettes/Trebors/NTSC/CALIBRATED/NTSC_CALIBRATED_WARM.pal": {"hash": "d293e16bf7298c1cec29f9c141e1ab87", "size": 768, "tags": [28, 194, 311, 314], "zip_id": "atari7800_palettes"}, "|games/ATARI7800/Palettes/Trebors/NTSC/GAMMASAT1/NTSC_GAMMASAT1_COOL.pal": {"hash": "7bf6a8293fbc209b612f864a87d1fda5", "size": 768, "tags": [28, 194, 311, 314], "zip_id": "atari7800_palettes"}, "|games/ATARI7800/Palettes/Trebors/NTSC/GAMMASAT1/NTSC_GAMMASAT1_HOT.pal": {"hash": "4d576c1334a6ec7043bbc5fa80a80db0", "size": 768, "tags": [28, 194, 311, 314], "zip_id": "atari7800_palettes"}, "|games/ATARI7800/Palettes/Trebors/NTSC/GAMMASAT1/NTSC_GAMMASAT1_WARM.pal": {"hash": "44536d2c7f50b10c795a8bfb7b4053b1", "size": 768, "tags": [28, 194, 311, 314], "zip_id": "atari7800_palettes"}, "|games/ATARI7800/Palettes/Trebors/NTSC/GAMMASAT2/NTSC_GAMMASAT2_COOL.pal": {"hash": "762b9125a69d686bad9fddb69dc4fb99", "size": 768, "tags": [28, 194, 311, 314], "zip_id": "atari7800_palettes"}, "|games/ATARI7800/Palettes/Trebors/NTSC/GAMMASAT2/NTSC_GAMMASAT2_HOT.pal": {"hash": "05126817dcafab6284d2ab5519ae919e", "size": 768, "tags": [28, 194, 311, 314], "zip_id": "atari7800_palettes"}, "|games/ATARI7800/Palettes/Trebors/NTSC/GAMMASAT2/NTSC_GAMMASAT2_WARM.pal": {"hash": "2477497fc8409d44015a04b9673a00ca", "size": 768, "tags": [28, 194, 311, 314], "zip_id": "atari7800_palettes"}, "|games/ATARI7800/Palettes/Trebors/NTSC/GAMMASAT3/NTSC_GAMMASAT3_COOL.pal": {"hash": "7935d861345235a8e5b34aa51df51175", "size": 768, "tags": [28, 194, 311, 314], "zip_id": "atari7800_palettes"}, "|games/ATARI7800/Palettes/Trebors/NTSC/GAMMASAT3/NTSC_GAMMASAT3_HOT.pal": {"hash": "3241379f177559b4cd44f33ff4f3d5ce", "size": 768, "tags": [28, 194, 311, 314], "zip_id": "atari7800_palettes"}, "|games/ATARI7800/Palettes/Trebors/NTSC/GAMMASAT3/NTSC_GAMMASAT3_WARM.pal": {"hash": "21b947df8995cd003e153e0fd84ef1fc", "size": 768, "tags": [28, 194, 311, 314], "zip_id": "atari7800_palettes"}, "|games/ATARI7800/Palettes/Trebors/NTSC/LUM1/NTSC_LUM1_COOL.pal": {"hash": "556a3e28bba48386301c435535869556", "size": 768, "tags": [28, 194, 311, 314], "zip_id": "atari7800_palettes"}, "|games/ATARI7800/Palettes/Trebors/NTSC/LUM1/NTSC_LUM1_HOT.pal": {"hash": "dd7adb78131bc58b3769267b8f9724b3", "size": 768, "tags": [28, 194, 311, 314], "zip_id": "atari7800_palettes"}, "|games/ATARI7800/Palettes/Trebors/NTSC/LUM1/NTSC_LUM1_WARM.pal": {"hash": "6ec130a4ec435d8b7a0a103b42aa636b", "size": 768, "tags": [28, 194, 311, 314], "zip_id": "atari7800_palettes"}, "|games/ATARI7800/Palettes/Trebors/NTSC/LUM2/NTSC_LUM2_COOL.pal": {"hash": "50eeda8d67ac63709b241bf1047322f9", "size": 768, "tags": [28, 194, 311, 314], "zip_id": "atari7800_palettes"}, "|games/ATARI7800/Palettes/Trebors/NTSC/LUM2/NTSC_LUM2_HOT.pal": {"hash": "1fdccbd9a854ff1d2d1aec6ff1b16a40", "size": 768, "tags": [28, 194, 311, 314], "zip_id": "atari7800_palettes"}, "|games/ATARI7800/Palettes/Trebors/NTSC/LUM2/NTSC_LUM2_WARM.pal": {"hash": "c7233f38b45100aed463f3771c42af49", "size": 768, "tags": [28, 194, 311, 314], "zip_id": "atari7800_palettes"}, "|games/ATARI7800/Palettes/Trebors/NTSC/LUM3/NTSC_LUM3_COOL.pal": {"hash": "baa96064ac8ef52a412a51bbff21100c", "size": 768, "tags": [28, 194, 311, 314], "zip_id": "atari7800_palettes"}, "|games/ATARI7800/Palettes/Trebors/NTSC/LUM3/NTSC_LUM3_HOT.pal": {"hash": "8155e0a51df058eb3ed92c1bc9c38b53", "size": 768, "tags": [28, 194, 311, 314], "zip_id": "atari7800_palettes"}, "|games/ATARI7800/Palettes/Trebors/NTSC/LUM3/NTSC_LUM3_WARM.pal": {"hash": "61b4320971b20b19ad06ca67b18ca0f8", "size": 768, "tags": [28, 194, 311, 314], "zip_id": "atari7800_palettes"}, "|games/ATARI7800/Palettes/Trebors/NTSC/MODIFIED/NTSC_MODIFIED_COOL.pal": {"hash": "efb2a4efebf7e2b0d3a38d5cbfaf709d", "size": 768, "tags": [28, 194, 311, 314], "zip_id": "atari7800_palettes"}, "|games/ATARI7800/Palettes/Trebors/NTSC/MODIFIED/NTSC_MODIFIED_HOT.pal": {"hash": "48ff06034ab5aa71ee12e2407bafe0db", "size": 768, "tags": [28, 194, 311, 314], "zip_id": "atari7800_palettes"}, "|games/ATARI7800/Palettes/Trebors/NTSC/MODIFIED/NTSC_MODIFIED_WARM.pal": {"hash": "7fa81dbc6eb92e4b1b498b0e565ace10", "size": 768, "tags": [28, 194, 311, 314], "zip_id": "atari7800_palettes"}, "|games/ATARI7800/Palettes/Trebors/NTSC/SUPER/NTSC_SUPER_COOL.pal": {"hash": "420beb3b3a0cab73940755be7f8318be", "size": 768, "tags": [28, 194, 311, 314], "zip_id": "atari7800_palettes"}, "|games/ATARI7800/Palettes/Trebors/NTSC/SUPER/NTSC_SUPER_HOT.pal": {"hash": "339ed0bda19f3cb573ca0cb020b84edf", "size": 768, "tags": [28, 194, 311, 314], "zip_id": "atari7800_palettes"}, "|games/ATARI7800/Palettes/Trebors/NTSC/SUPER/NTSC_SUPER_WARM.pal": {"hash": "45e9b9a7593c4b232d72dd3fa6fbe0e9", "size": 768, "tags": [28, 194, 311, 314], "zip_id": "atari7800_palettes"}, "|games/ATARI7800/Palettes/Trebors/NTSC/UNCALIBRATED/NTSC_UNCALIBRATED_COOL.pal": {"hash": "f3e51c4d1b18c37e17bfdfd629f0d56c", "size": 768, "tags": [28, 194, 311, 314], "zip_id": "atari7800_palettes"}, "|games/ATARI7800/Palettes/Trebors/NTSC/UNCALIBRATED/NTSC_UNCALIBRATED_HOT.pal": {"hash": "5b195bc61ea9df5a46cd01cd69474d1b", "size": 768, "tags": [28, 194, 311, 314], "zip_id": "atari7800_palettes"}, "|games/ATARI7800/Palettes/Trebors/NTSC/UNCALIBRATED/NTSC_UNCALIBRATED_WARM.pal": {"hash": "c56f366f897223b1b27508ab531596c5", "size": 768, "tags": [28, 194, 311, 314], "zip_id": "atari7800_palettes"}, "|games/ATARI7800/Palettes/Trebors/PAL/CALIBRATED/PAL_CALIBRATED_COOL.pal": {"hash": "3d446b6dff4bf81334b59eb148377cad", "size": 768, "tags": [28, 194, 311, 314], "zip_id": "atari7800_palettes"}, "|games/ATARI7800/Palettes/Trebors/PAL/CALIBRATED/PAL_CALIBRATED_HOT.pal": {"hash": "fdc0ab947ddbad3e3732e34c780c19ca", "size": 768, "tags": [28, 194, 311, 314], "zip_id": "atari7800_palettes"}, "|games/ATARI7800/Palettes/Trebors/PAL/CALIBRATED/PAL_CALIBRATED_WARM.pal": {"hash": "2eeee7661bc23f9dff34a027ad3089a3", "size": 768, "tags": [28, 194, 311, 314], "zip_id": "atari7800_palettes"}, "|games/ATARI7800/Palettes/Trebors/PAL/GAMMASAT1/PAL_GAMMASAT1_COOL.pal": {"hash": "ad256fdcea1a95b242db00132f771872", "size": 768, "tags": [28, 194, 311, 314], "zip_id": "atari7800_palettes"}, "|games/ATARI7800/Palettes/Trebors/PAL/GAMMASAT1/PAL_GAMMASAT1_HOT.pal": {"hash": "8d2c2579160fe811c82b1904e43fa98a", "size": 768, "tags": [28, 194, 311, 314], "zip_id": "atari7800_palettes"}, "|games/ATARI7800/Palettes/Trebors/PAL/GAMMASAT1/PAL_GAMMASAT1_WARM.pal": {"hash": "3ffb5b6340e2ad2000d968920beda63a", "size": 768, "tags": [28, 194, 311, 314], "zip_id": "atari7800_palettes"}, "|games/ATARI7800/Palettes/Trebors/PAL/GAMMASAT2/PAL_GAMMASAT2_COOL.pal": {"hash": "b44c4be17a6e2f006d604d0f649650e8", "size": 768, "tags": [28, 194, 311, 314], "zip_id": "atari7800_palettes"}, "|games/ATARI7800/Palettes/Trebors/PAL/GAMMASAT2/PAL_GAMMASAT2_HOT.pal": {"hash": "c06cb07c992840f041437697964f3ea2", "size": 768, "tags": [28, 194, 311, 314], "zip_id": "atari7800_palettes"}, "|games/ATARI7800/Palettes/Trebors/PAL/GAMMASAT2/PAL_GAMMASAT2_WARM.pal": {"hash": "93fa51a3fd4e1b95bc7c0b8615068dc7", "size": 768, "tags": [28, 194, 311, 314], "zip_id": "atari7800_palettes"}, "|games/ATARI7800/Palettes/Trebors/PAL/GAMMASAT3/NTSC_GAMMASAT3_COOL.pal": {"hash": "7935d861345235a8e5b34aa51df51175", "size": 768, "tags": [28, 194, 311, 314], "zip_id": "atari7800_palettes"}, "|games/ATARI7800/Palettes/Trebors/PAL/GAMMASAT3/NTSC_GAMMASAT3_HOT.pal": {"hash": "3241379f177559b4cd44f33ff4f3d5ce", "size": 768, "tags": [28, 194, 311, 314], "zip_id": "atari7800_palettes"}, "|games/ATARI7800/Palettes/Trebors/PAL/GAMMASAT3/NTSC_GAMMASAT3_WARM.pal": {"hash": "21b947df8995cd003e153e0fd84ef1fc", "size": 768, "tags": [28, 194, 311, 314], "zip_id": "atari7800_palettes"}, "|games/ATARI7800/Palettes/Trebors/PAL/LUM1/PAL_LUM1_COOL.pal": {"hash": "73102ee0d6339c55a888d83988accc70", "size": 768, "tags": [28, 194, 311, 314], "zip_id": "atari7800_palettes"}, "|games/ATARI7800/Palettes/Trebors/PAL/LUM1/PAL_LUM1_HOT.pal": {"hash": "a451f6fd8a7b2e15e6c57e8a417722bf", "size": 768, "tags": [28, 194, 311, 314], "zip_id": "atari7800_palettes"}, "|games/ATARI7800/Palettes/Trebors/PAL/LUM1/PAL_LUM1_WARM.pal": {"hash": "140f33d33f3147c7331eaec068dced76", "size": 768, "tags": [28, 194, 311, 314], "zip_id": "atari7800_palettes"}, "|games/ATARI7800/Palettes/Trebors/PAL/LUM2/PAL_LUM2_COOL.pal": {"hash": "b3c5dbeadf4eb59a3257743ada2b28a9", "size": 768, "tags": [28, 194, 311, 314], "zip_id": "atari7800_palettes"}, "|games/ATARI7800/Palettes/Trebors/PAL/LUM2/PAL_LUM2_HOT.pal": {"hash": "80a6266fa3624eecf4bbdec12e932809", "size": 768, "tags": [28, 194, 311, 314], "zip_id": "atari7800_palettes"}, "|games/ATARI7800/Palettes/Trebors/PAL/LUM2/PAL_LUM2_WARM.pal": {"hash": "643bc257235a6e09ef90ab81f6f647a6", "size": 768, "tags": [28, 194, 311, 314], "zip_id": "atari7800_palettes"}, "|games/ATARI7800/Palettes/Trebors/PAL/LUM3/PAL_LUM3_COOL.pal": {"hash": "446b5af317975d43e52aca94f4f53d3a", "size": 768, "tags": [28, 194, 311, 314], "zip_id": "atari7800_palettes"}, "|games/ATARI7800/Palettes/Trebors/PAL/LUM3/PAL_LUM3_HOT.pal": {"hash": "8e917ea21f21cde568e289aabb96a7fd", "size": 768, "tags": [28, 194, 311, 314], "zip_id": "atari7800_palettes"}, "|games/ATARI7800/Palettes/Trebors/PAL/LUM3/PAL_LUM3_WARM.pal": {"hash": "3e998d7da68f50f5db8d3220d2f927c6", "size": 768, "tags": [28, 194, 311, 314], "zip_id": "atari7800_palettes"}, "|games/ATARI7800/Palettes/Trebors/PAL/MODIFIED/PAL_MODIFIED_COOL.pal": {"hash": "4f85dbdc7beb384fc2a48ca240e02c96", "size": 768, "tags": [28, 194, 311, 314], "zip_id": "atari7800_palettes"}, "|games/ATARI7800/Palettes/Trebors/PAL/MODIFIED/PAL_MODIFIED_HOT.pal": {"hash": "4de7f490179d6089b2eb04f883aae6d2", "size": 768, "tags": [28, 194, 311, 314], "zip_id": "atari7800_palettes"}, "|games/ATARI7800/Palettes/Trebors/PAL/MODIFIED/PAL_MODIFIED_WARM.pal": {"hash": "b03fe0d6f85bad415071717d1de6e692", "size": 768, "tags": [28, 194, 311, 314], "zip_id": "atari7800_palettes"}, "|games/ATARI7800/Palettes/Trebors/PAL/SUPER/PAL_SUPER_COOL.pal": {"hash": "d1586f3f7089213fa0d2011273234048", "size": 768, "tags": [28, 194, 311, 314], "zip_id": "atari7800_palettes"}, "|games/ATARI7800/Palettes/Trebors/PAL/SUPER/PAL_SUPER_HOT.pal": {"hash": "b2e4ba86fcbcaf147d6a1d91eae7b1db", "size": 768, "tags": [28, 194, 311, 314], "zip_id": "atari7800_palettes"}, "|games/ATARI7800/Palettes/Trebors/PAL/SUPER/PAL_SUPER_WARM.pal": {"hash": "5b0335f911711f76453267a6e7022df4", "size": 768, "tags": [28, 194, 311, 314], "zip_id": "atari7800_palettes"}, "|games/ATARI7800/Palettes/Trebors/PAL/UNCALIBRATED/PAL_UNCALIBRATED_COOL.pal": {"hash": "dce341e73780598eb3ea988dc8e49a7b", "size": 768, "tags": [28, 194, 311, 314], "zip_id": "atari7800_palettes"}, "|games/ATARI7800/Palettes/Trebors/PAL/UNCALIBRATED/PAL_UNCALIBRATED_HOT.pal": {"hash": "e62a8f2403c042b452bf4e698cd971e7", "size": 768, "tags": [28, 194, 311, 314], "zip_id": "atari7800_palettes"}, "|games/ATARI7800/Palettes/Trebors/PAL/UNCALIBRATED/PAL_UNCALIBRATED_WARM.pal": {"hash": "396e9bb9fe23632b7610c444e8e51516", "size": 768, "tags": [28, 194, 311, 314], "zip_id": "atari7800_palettes"}}, "folders": {"|games": {"tags": [311], "zip_id": "atari7800_palettes"}, "|games/ATARI7800": {"tags": [28, 194, 311], "zip_id": "atari7800_palettes"}, "|games/ATARI7800/Palettes": {"tags": [28, 194, 311, 314], "zip_id": "atari7800_palettes"}, "|games/ATARI7800/Palettes/Atari 2600 Only": {"tags": [28, 194, 311, 314], "zip_id": "atari7800_palettes"}, "|games/ATARI7800/Palettes/Trebors": {"tags": [28, 194, 311, 314], "zip_id": "atari7800_palettes"}, "|games/ATARI7800/Palettes/Trebors/NTSC": {"tags": [28, 194, 311, 314], "zip_id": "atari7800_palettes"}, "|games/ATARI7800/Palettes/Trebors/NTSC/CALIBRATED": {"tags": [28, 194, 311, 314], "zip_id": "atari7800_palettes"}, "|games/ATARI7800/Palettes/Trebors/NTSC/GAMMASAT1": {"tags": [28, 194, 311, 314], "zip_id": "atari7800_palettes"}, "|games/ATARI7800/Palettes/Trebors/NTSC/GAMMASAT2": {"tags": [28, 194, 311, 314], "zip_id": "atari7800_palettes"}, "|games/ATARI7800/Palettes/Trebors/NTSC/GAMMASAT3": {"tags": [28, 194, 311, 314], "zip_id": "atari7800_palettes"}, "|games/ATARI7800/Palettes/Trebors/NTSC/LUM1": {"tags": [28, 194, 311, 314], "zip_id": "atari7800_palettes"}, "|games/ATARI7800/Palettes/Trebors/NTSC/LUM2": {"tags": [28, 194, 311, 314], "zip_id": "atari7800_palettes"}, "|games/ATARI7800/Palettes/Trebors/NTSC/LUM3": {"tags": [28, 194, 311, 314], "zip_id": "atari7800_palettes"}, "|games/ATARI7800/Palettes/Trebors/NTSC/MODIFIED": {"tags": [28, 194, 311, 314], "zip_id": "atari7800_palettes"}, "|games/ATARI7800/Palettes/Trebors/NTSC/SUPER": {"tags": [28, 194, 311, 314], "zip_id": "atari7800_palettes"}, "|games/ATARI7800/Palettes/Trebors/NTSC/UNCALIBRATED": {"tags": [28, 194, 311, 314], "zip_id": "atari7800_palettes"}, "|games/ATARI7800/Palettes/Trebors/PAL": {"tags": [28, 194, 311, 314], "zip_id": "atari7800_palettes"}, "|games/ATARI7800/Palettes/Trebors/PAL/CALIBRATED": {"tags": [28, 194, 311, 314], "zip_id": "atari7800_palettes"}, "|games/ATARI7800/Palettes/Trebors/PAL/GAMMASAT1": {"tags": [28, 194, 311, 314], "zip_id": "atari7800_palettes"}, "|games/ATARI7800/Palettes/Trebors/PAL/GAMMASAT2": {"tags": [28, 194, 311, 314], "zip_id": "atari7800_palettes"}, "|games/ATARI7800/Palettes/Trebors/PAL/GAMMASAT3": {"tags": [28, 194, 311, 314], "zip_id": "atari7800_palettes"}, "|games/ATARI7800/Palettes/Trebors/PAL/LUM1": {"tags": [28, 194, 311, 314], "zip_id": "atari7800_palettes"}, "|games/ATARI7800/Palettes/Trebors/PAL/LUM2": {"tags": [28, 194, 311, 314], "zip_id": "atari7800_palettes"}, "|games/ATARI7800/Palettes/Trebors/PAL/LUM3": {"tags": [28, 194, 311, 314], "zip_id": "atari7800_palettes"}, "|games/ATARI7800/Palettes/Trebors/PAL/MODIFIED": {"tags": [28, 194, 311, 314], "zip_id": "atari7800_palettes"}, "|games/ATARI7800/Palettes/Trebors/PAL/SUPER": {"tags": [28, 194, 311, 314], "zip_id": "atari7800_palettes"}, "|games/ATARI7800/Palettes/Trebors/PAL/UNCALIBRATED": {"tags": [28, 194, 311, 314], "zip_id": "atari7800_palettes"}}}